{
  "picam0.local": {
    "R": [
      [
        1.0,
        0.0,
        0.0
      ],
      [
        0.0,
        1.0,
        0.0
      ],
      [
        0.0,
        0.0,
        1.0
      ]
    ],
    "T": [
      [
        0.0
      ],
      [
        0.0
      ],
      [
        0.0
      ]
    ]
  },
  "picam1.local": {
    "R": [
      [
        0.99968,
        -0.024578,
        0.006024
      ],
      [
        0.024357,
        0.999115,
        0.034305
      ],
      [
        -0.006862,
        -0.034147,
        0.999393
      ]
    ],
    "T": [
      [
        0.065203
      ],
      [
        -0.000369
      ],
      [
        -0.002237
      ]
    ]
  },
  "picam2.local": {
    "R": [
      [
        0.998599,
        -0.051224,
        -0.013234
      ],
      [
        0.051798,
        0.997532,
        0.047405
      ],
      [
        0.010773,
        -0.048024,
        0.998788
      ]
    ],
    "T": [
      [
        0.131337
      ],
      [
        0.00264
      ],
      [
        0.002207
      ]
    ]
  },
  "picam3.local": {
    "R": [
      [
        0.994386,
        -0.092232,
        -0.051854
      ],
      [
        0.093809,
        0.995172,
        0.028847
      ],
      [
        0.048943,
        -0.03355,
        0.998238
      ]
    ],
    "T": [
      [
        0.449442
      ],
      [
        0.017784
      ],
      [
        -0.019847
      ]
    ]
  },
  "picam4.local": {
    "R": [
      [
        0.993947,
        -0.092078,
        -0.059924
      ],
      [
        0.094601,
        0.994682,
        0.040723
      ],
      [
        0.055855,
        -0.046145,
        0.997372
      ]
    ],
    "T": [
      [
        0.521375
      ],
      [
        0.016543
      ],
      [
        0.001008
      ]
    ]
  },
  "picam5.local": {
    "R": [
      [
        0.993949,
        -0.084056,
        -0.070716
      ],
      [
        0.085884,
        0.996035,
        0.023209
      ],
      [
        0.068485,
        -0.029142,
        0.997226
      ]
    ],
    "T": [
      [
        0.592839
      ],
      [
        0.010088
      ],
      [
        0.018272
      ]
    ]
  }
}