{
  "picam0.local": {
    "R": [
      [
        1.0,
        0.0,
        0.0
      ],
      [
        0.0,
        1.0,
        0.0
      ],
      [
        0.0,
        0.0,
        1.0
      ]
    ],
    "T": [
      [
        0.0
      ],
      [
        0.0
      ],
      [
        0.0
      ]
    ]
  },
  "picam1.local": {
    "R": [
      [
        0.999976,
        0.006503,
        -0.002373
      ],
      [
        -0.006493,
        0.99997,
        0.004222
      ],
      [
        0.002401,
        -0.004207,
        0.999988
      ]
    ],
    "T": [
      [
        0.071567
      ],
      [
        -0.00161
      ],
      [
        -0.021158
      ]
    ]
  },
  "picam2.local": {
    "R": [
      [
        0.999262,
        0.010831,
        -0.03684
      ],
      [
        -0.011832,
        0.999564,
        -0.027063
      ],
      [
        0.036531,
        0.027479,
        0.998955
      ]
    ],
    "T": [
      [
        0.139354
      ],
      [
        -0.002029
      ],
      [
        -0.021339
      ]
    ]
  },
  "picam3.local": {
    "R": [
      [
        0.999889,
        0.012037,
        -0.008765
      ],
      [
        -0.011949,
        0.999879,
        0.010005
      ],
      [
        0.008884,
        -0.0099,
        0.999912
      ]
    ],
    "T": [
      [
        0.337714
      ],
      [
        -0.003994
      ],
      [
        -0.030212
      ]
    ]
  },
  "picam4.local": {
    "R": [
      [
        0.999699,
        0.003401,
        -0.024299
      ],
      [
        -0.002811,
        0.999701,
        0.024275
      ],
      [
        0.024374,
        -0.0242,
        0.99941
      ]
    ],
    "T": [
      [
        0.406041
      ],
      [
        0.002725
      ],
      [
        0.006609
      ]
    ]
  },
  "picam5.local": {
    "R": [
      [
        0.998854,
        -0.003401,
        -0.04775
      ],
      [
        0.00351,
        0.999991,
        0.002197
      ],
      [
        0.047742,
        -0.002362,
        0.998857
      ]
    ],
    "T": [
      [
        0.471326
      ],
      [
        0.003674
      ],
      [
        0.004006
      ]
    ]
  }
}